.DVP.ovlytab	0x198	File: SLPS_251.05: 0x38db98
.DVP.ovlystrtab	0x476	File: SLPS_251.05: 0x38dd30
.DVP.overlay..0x0.422259.7345.0	0x800	File: SLPS_251.05: 0x38e1a6
.DVP.overlay..unknvma.62235.599.1	0x480	File: SLPS_251.05: 0x38e9a6
.DVP.overlay..0x0.422259.7356.2	0x800	File: SLPS_251.05: 0x38ee26
.DVP.overlay..unknvma.253291.547.3	0x380	File: SLPS_251.05: 0x38f626
.DVP.overlay..0x0.422259.7364.4	0x800	File: SLPS_251.05: 0x38f9a6
.DVP.overlay..unknvma.30427.445.5	0x4e8	File: SLPS_251.05: 0x3901a6
.DVP.overlay..0x0.422259.7372.6	0x800	File: SLPS_251.05: 0x39068e
.DVP.overlay..unknvma.1042075.421.7	0x6a0	File: SLPS_251.05: 0x390e8e
.DVP.overlay..0x0.422259.7379.8	0x800	File: SLPS_251.05: 0x39152e
.DVP.overlay..unknvma.31691.450.9	0x3b0	File: SLPS_251.05: 0x391d2e
.DVP.overlay..0x0.422259.7387.10	0x240	File: SLPS_251.05: 0x3920de
.DVP.overlay..0x0.422259.7394.11	0x800	File: SLPS_251.05: 0x39231e
.DVP.overlay..unknvma.125211.426.12	0x578	File: SLPS_251.05: 0x392b1e
.DVP.overlay..0x0.422259.7401.13	0x800	File: SLPS_251.05: 0x393096
.DVP.overlay..unknvma.1977771.391.14	0x4e8	File: SLPS_251.05: 0x393896
.DVP.overlay..0x0.422259.7639.15	0x348	File: SLPS_251.05: 0x393d7e
.DVP.overlay..0x0.437683.14.0	0x50	File: SLPS_251.05: 0x3940c6
.DVP.overlay..0x0.1754403.9.0	0x460	File: SLPS_251.05: 0x394116
.DVP.overlay..0x0.13187.9.0	0x3e8	File: SLPS_251.05: 0x394576
.DVP.overlay..0x0.875731.10.0	0x458	File: SLPS_251.05: 0x39495e
.DVP.overlay..0x0.1756627.10.0	0x5b8	File: SLPS_251.05: 0x394db6
.DVP.overlay..0x0.112455891.10.0	0x688	File: SLPS_251.05: 0x39536e
.DVP.overlay..0x0.3510931.9.0	0x800	File: SLPS_251.05: 0x3959f6
.DVP.overlay..unknvma.8065755.359.1	0x7b0	File: SLPS_251.05: 0x3961f6
.DVP.overlay..0x0.224731347.9.0	0x800	File: SLPS_251.05: 0x3969a6
.DVP.overlay..unknvma.516235547.355.1	0x800	File: SLPS_251.05: 0x3971a6
.DVP.overlay..unknvma.516235547.654.2	0xa0	File: SLPS_251.05: 0x3979a6
.DVP.overlay..0x0.449467859.10.0	0x800	File: SLPS_251.05: 0x397a46
.DVP.overlay..unknvma.1032476187.358.1	0x800	File: SLPS_251.05: 0x398246
.DVP.overlay..unknvma.1032476187.662.2	0x220	File: SLPS_251.05: 0x398a46
.DVP.overlay..0x0.1754099.9.0	0x340	File: SLPS_251.05: 0x398c66
.DVP.overlay..0x0.3515859.9.0	0x3b0	File: SLPS_251.05: 0x398fa6
.DVP.overlay..0x0.900194963.9.0	0x450	File: SLPS_251.05: 0x399356
.DVP.overlay..0x0.13171.27.0	0x388	File: SLPS_251.05: 0x3997a6
.shstrtab	0x4c0	File: SLPS_251.05: 0x399b2e
_elfSectionHeaders	0x690	File: SLPS_251.05: 0x399ff0